id,keyword,url
,フロアコーティング UVカット,http://quality-coating.net/area/212.html
,フロアコーティング シリコン,http://quality-coating.net/area/213.html
,フロアコーティング つや消し,http://quality-coating.net/area/212.html
,フロアコーティング ペット対応,http://quality-coating.net/area/210.html
,フロアコーティング 床暖房,http://quality-coating.net/area/213.html
,フロアコーティング 耐久性,http://quality-coating.net/area/209.html
,フロアコーティング 耐水性,http://quality-coating.net/area/209.html
,フロアコーティング 東京都,http://quality-coating.net/area/1.html
,フロアコーティング 油性,http://quality-coating.net/area/211.html
,フロアコーティング ワックス,http://quality-coating.net/area/211.html
,フロアコーティング 口コミ,http://quality-coating.net/area/210.html
,フロアコーティング 神奈川県,http://quality-coating.net/area/145.html
,フロアコーティング 埼玉県,http://quality-coating.net/area/51.html
,フロアコーティング 千葉県,http://quality-coating.net/area/102.html
,不動産担保ローン 担保評価,http://various-loan.com/area/109.html
,不動産担保ローン 融資,http://various-loan.com/area/96.html
,不動産担保ローン 借入,http://various-loan.com/area/93.html
,不動産担保ローン 金利,http://various-loan.com/area/93.html
,不動産担保ローン マンション,http://various-loan.com/area/95.html
,不動産担保ローン 賃貸中,http://various-loan.com/area/108.html
,不動産担保ローン 土地,http://various-loan.com/area/101.html
,不動産担保ローン 返済方法,http://various-loan.com/area/98.html
,不動産担保ローン 保証人,http://various-loan.com/area/94.html
,不動産担保ローン 調査,http://various-loan.com/area/102.html
,不動産担保ローン 審査,http://various-loan.com/area/102.html
,不動産担保ローン 借り換え,http://various-loan.com/area/119.html
,不動産担保ローン おまとめ,http://various-loan.com/area/112.html
,不動産担保ローン 個人,http://various-loan.com/area/115.html
,不動産担保ローン 担保融資,http://various-loan.com/area/123.html
,鍵交換 川崎市,http://www.kagi-doctor.com/area/1.html
,鍵交換 横浜市,http://www.kagi-doctor.com/area/7.html
,鍵交換 料金,http://www.kagi-doctor.com/area/172.html
,鍵交換 相場,http://www.kagi-doctor.com/
,鍵交換 シリンダー,http://www.kagi-doctor.com/
,鍵交換 費用,http://www.kagi-doctor.com/area/172.html
,鍵交換 値段,http://www.kagi-doctor.com/
,メール便 北海道,http://postmail.co.jp/category/1.html
,メール便 青森,http://postmail.co.jp/category/2.html
,メール便 岩手,http://postmail.co.jp/category/3.html
,メール便 宮城,http://postmail.co.jp/category/4.html
,メール便 秋田,http://postmail.co.jp/category/5.html
,メール便 山形,http://postmail.co.jp/category/6.html
,メール便 福島,http://postmail.co.jp/category/7.html
,メール便 茨城,http://postmail.co.jp/category/8.html
,メール便 栃木,http://postmail.co.jp/category/9.html
,メール便 群馬,http://postmail.co.jp/category/10.html
,メール便 埼玉,http://postmail.co.jp/category/11.html
,メール便 千葉,http://postmail.co.jp/category/12.html
,メール便 東京,http://postmail.co.jp/category/13.html
,メール便 神奈川,http://postmail.co.jp/category/14.html
,メール便 新潟,http://postmail.co.jp/category/15.html
,メール便 富山,http://postmail.co.jp/category/16.html
,メール便 石川,http://postmail.co.jp/category/17.html
,メール便 福井,http://postmail.co.jp/category/18.html
,メール便 長野,http://postmail.co.jp/category/20.html
,メール便 岐阜,http://postmail.co.jp/category/21.html
,メール便 静岡,http://postmail.co.jp/category/22.html
,メール便 愛知,http://postmail.co.jp/category/23.html
,メール便 三重,http://postmail.co.jp/category/24.html
,メール便 滋賀,http://postmail.co.jp/category/25.html
,メール便 京都,http://postmail.co.jp/category/26.html
,メール便 大阪,http://postmail.co.jp/category/27.html
,メール便 兵庫,http://postmail.co.jp/category/28.html
,メール便 奈良,http://postmail.co.jp/category/29.html
,メール便 和歌山,http://postmail.co.jp/category/30.html
,メール便 島根,http://postmail.co.jp/category/32.html
,メール便 岡山,http://postmail.co.jp/category/33.html
,メール便 広島,http://postmail.co.jp/category/34.html
,メール便 山口,http://postmail.co.jp/category/35.html
,メール便 徳島,http://postmail.co.jp/category/36.html
,メール便 香川,http://postmail.co.jp/category/37.html
,メール便 愛媛,http://postmail.co.jp/category/38.html
,メール便 高知,http://postmail.co.jp/category/39.html
,メール便 福岡,http://postmail.co.jp/category/40.html
,メール便 佐賀,http://postmail.co.jp/category/41.html
,メール便 茨木市,http://postmail.co.jp/category/146.html
,メール便 高槻市,http://postmail.co.jp/category/149.html
,メール便 泉佐野市,http://postmail.co.jp/category/153.html
,メール便 泉南市,http://postmail.co.jp/category/159.html
,メール便 小金井市,http://postmail.co.jp/category/77.html
,メール便 国立市,http://postmail.co.jp/category/76.html
,メール便 清瀬市,http://postmail.co.jp/category/75.html
,メール便 狛江市,http://postmail.co.jp/category/80.html
,メール便 立川市,http://postmail.co.jp/category/81.html
,メール便 多摩市,http://postmail.co.jp/category/92.html
,メール便 西東京市,http://postmail.co.jp/category/84.html
,メール便 東久留米市,http://postmail.co.jp/category/87.html
,メール便 東村山市,http://postmail.co.jp/category/88.html
,メール便 府中市,http://postmail.co.jp/category/91.html
,メール便 大川市,http://postmail.co.jp/category/188.html
,メール便 福津市,http://postmail.co.jp/category/204.html
,メール便 豊前市,http://postmail.co.jp/category/205.html
,メール便 八女市,http://postmail.co.jp/category/209.html
,メール便 福生市,http://postmail.co.jp/category/92.html
,メール便 武蔵野市,http://postmail.co.jp/category/95.html
,メール便 武蔵村山市,http://postmail.co.jp/category/96.html
,メール便 原宿,http://postmail.co.jp/category/100.html
,メール便 代々木,http://postmail.co.jp/category/101.html
,メール便 巣鴨,http://postmail.co.jp/category/107.html
,メール便 丸の内,http://postmail.co.jp/category/111.html
