Post.id,Post.blog_id,Post.title,Post.pagename,Post.menu,Post.content,Post.public,Keyword.id,Keyword.keyword,Keyword.url,Keyword.visible,Arbitrary.keyword
,214,マンション経営♪,,forex,あくせく働くだけで終わる人生よりも、マンション経営で趣味に生きたいよね。弁護士も医者も大会社の社長も、職を失えばタダの人。真の勝ち組はマンション経営で働かないでもご飯が食べられる人間のことを言うんだと思う。動かないでもお金が儲かるシステムを、このマンション経営で構築しようと準備中。家の前の道路がデコボコしていると、無性に舗装工事を頼みたくなったりはしませんか？僕は神経質なタチでして、少しでも道路がへこんでいると気になって夜も眠れません。幸いそこは私道だったので、親に頼み込んで舗装工事業者を呼んでもらいました。特に見てみたかったのがあのロードローラーですね。ゆっくりと、しかし確実に路面を平らにしていく姿には誰もが興奮するはずです。石だらけの荒れた道でも舗装工事をすれば一輪車でも楽々通れるようになりますよ。私の実家の近所はなぜか舗装されていなくてよくつまづいて転んでいましたが、東京の舗装工事業者が工事してくれたおかげで路面はつるっつる。新しく舗装した道というのは良いものですね。出来立てのアスファルト独特の匂いもするし、当分はこの臭いでご飯三杯はいけちゃいます。,1,,税理士 紹介,http://www.zeirisi-viscas.com/nagare.html,1,1
,215,プレゼントにオシュコシュ,,kuchikomi,アクセサリーのプレゼントって本人の趣味に合わないと残念な結果に終わりますね。私は独特のセンスを持っているとよく褒められるのですが、それ故にアクセサリーを誕生日に買ってあげて喜ばれたことはないかな？みんな必死に苦笑いを作ってくれるのがありがたくって、毎年私好みのアクセサリーをプレゼントしています。タヌキが好きだという子には大きな鈴を二つプレゼントしてあげましたよ。かわいいね～と喜んでいましたが、タヌキの話をすると何やら感づいたご様子でローキック喰らいました。私の彼氏っていつも筋力トレーニングしかしないから、彼氏の誕生日プレゼントにどんなものを買ってあげればいいのか一目瞭然。普通に考えれば良質なプロテインでしょうが、今年の誕生日には変化球でアクセサリーをあげるつもり。実際彼氏にどんなアクセサリーが好きかと直接聞いてみたことがあるけど、鍛え上げたこの肉体が一番のアクセサリーかな？と分かりやすい回答。私って彼氏に合せちゃう性格だから、今度二人でボディビルの大会に出るんだ～。誕生日プレゼントのアクセはおいおい考えるとして、今夜もジムで上腕二頭筋と語らいますか！メッセンジャーバッグブームがあったのを覚えていますか？もう何年か前ですけど、その時にかったメッセンジャーバッグが山積みになっています。実用性の高い物ばかりなのでまだ現役で使っているものも結構ありますし、中には非常用の乾パンとか詰めたバッグもあったり。もし地震などの非常時になったらすぐ掴んで避難できるから楽ですよ。忘年会のプレゼントでマタニティウェアを貰いましたが、その意味は何だったのかよくわかりません。たしか、ポンポコ良いアイデアが生まれますようにとかそんな理由だった気もしますが。まあもともと太り気味な体型だったし、意外と着こなせばマタニティウェアもシャレオツなマストアイテムとして重宝するかも！マタニティ男爵という名前で読者モデルでも目指そうかしら。,1,,税理士 紹介,http://www.zeirisi-viscas.com/nagare.html,1,1
,216,アクセサリーが欲しい,,sem,アクセサリーは見て楽しむ、つけて楽しむっていう２つのパターンがあるよね。雑貨店でアクセサリー見るだけでも凄い楽しい、可愛いモチーフとか見つけたらテンションあがるしそれが似合ってたらもうその日１日はいい日になる。でも種類が沢山ありすぎるのが難点かなー見てる分には楽しいけど種類が多すぎて欲しい物が沢山！なんてデフォルトだもん。いっつもアクセサリーでお金が飛んでいってしまっているまあそういうときは雑貨店とかを見ないようにしています。だって欲しいの見つかったら買っちゃうもん。普通のアクセサリーもいいけど、彼女とかいたらペアリングなんかも一緒につけたいよね。ペアリングなんかは普通のお店に彼女といってもいいんだけどサプライズしたい派です。ただ、アクセサリーのお店に男一人では入りづらいので、いつもアクセサリーの通販サイトを見て回ってます。アクセサリーに拘るとすごくオシャレな人に見えると思うけど、そういうのって根本の洋服があってこそなんだと思う。アクセサリーは単体で目立つのもありだけど、本当は洋服の良さを引き立たせることだと思いますね。オススメは洋服買取サイトですね。,1,,税理士 紹介,http://www.zeirisi-viscas.com/nagare.html,1,1
,217,洋服買取で変わったこと,,analytics,アクセサリーは作ったら二度と壊れないわけではありません。どんな物でもいずれ壊れてしまうので修理が必要になります。アクセサリー系の修理とは何かというと例えばビーズ小物アクセサリーの場合はつなげていた糸・紐・ワイヤーが切れた場合に元の状態または違うものに修復することです。ビーズのワイヤーが切れたら元の形に戻る確率は半分くらいでしょう。細かいものだと回収しきれないことがあるので、捨てるか残ったビーズで違うのに修復させるかの選択になります。真珠とかなら個数がわかっていれば拾い集めた時に安心です。真珠とか高いですよね1万以下の物が中々なくて、高いと20万ぐらいする高級品まで出てきます。真珠買うなら、洋服とか好きなもの買った方がいいと思うなぁ。家によっては、一人一つ持っている方がいますよね。お金に余裕がある家なら可能なのかな。お金持ちの人は、もっと高いものを身につけてるのかしら(・・)お金持ちならブランド物なんてお金を気にせずバンバン買っちゃうんでしょうねでも余裕のない私はブランド一つ買うのにも労力を使うので洋服買取で何とか資金稼ぎしてます。,1,,税理士 紹介,http://www.zeirisi-viscas.com/nagare.html,1,1
,218,今自分の中でオシュコシュが熱い,,local,アクセサリー通販のネットショップを経営していたが、あまり儲からないので廃業しました。どうやら僕がデザインしたアクセサリーがイマイチだったようで、普通に輸入していた友人はそこそこ成功。年収にして800万円程度はあるようで、バイクも買ってました。今からアクセサリーを輸入してみようかとも思いましたが、それでは僕のプライドがね…。私の彼女は光物が好きなのでアクセサリーをプレゼントするときは選び方にこだわっている。高級ブランドのシルバーアクセサリーを毎年贈っていたが、今年くらいはちょっと趣向を凝らしてみるのもいいかな？例えばチェーンアクセサリーなんて、少々ワルっぽくてかっこいいかも。僕も昔その辺からかっぱらってきて警察に補導された思い出がありますし。,1,,税理士 紹介,http://www.zeirisi-viscas.com/nagare.html,1,1
,219,体の気になる部分,,local,アゴが非常にとんがっていて、彼女や友人からはオシャレだねーとか、いざというときに頼れるじゃん！ってうらやましがられています。でもこのアゴ僕としては嫌なんですよね。横を振り返った時になんどか人を傷つけてしまったことがあるし…。悲しみしか生み出さないこのアゴはあってはならないのだと思います。そこで来週僕は美容外科であごの骨を削ってもらうことに。さようなら、僕の顎。君のことは死ぬまで忘れないよ。女性が美容整形をして美人に変身するテレビ番組って有名ですよね。あれを見ていたら私も美容外科に行ってみたくなりました。世の中には十二分に美人なのに、まだ気に入らないとあちこち整形する人がいて、こういう人って理解できない。もともと９８点の顔を整形して９９点にしたってあんまり得しないじゃない。それだったら４０点の顔を整形で７０点にしたほうがでかいわ。,1,,税理士 紹介,http://www.zeirisi-viscas.com/nagare.html,1,1
,220,声優になること,,local,あっちこっち目移りしてしまうのが、シルバーアクセサリーの通販だね。デザインを考える人がいるとして、それを誰が作成しているのか工場を見てみたい。方に金属を流して終わりとかそういう感じなのかな。仕組みが分からないものというと、太陽光発電もどうして光がエネルギーになるのか難しすぎてちんぷんかんぷんだぜ。分かりやすいのは目に見えて理解できる歯の矯正やホワイトニングだね。虫歯の治療が終わってからも、白金高輪の歯科医院では審美治療をやってもらうことがある。お金の使い道が分からなくなったら、自分に投資するのが一番失敗しない方法。能力アップのアイテムだって主人公に全部投資するのがあとあと後悔しないやりかただし。難しい物事ってのは難しいものを難しいまま説明されるからわからないんだよね。コンピュータの配線を分かりやすく一本にまとめるように、高度な話題を分かりやすく説明してくれればいいのに。良くわからないものを分かりやすく説明してくれると本当に助かる。ガソリンスタンドで、ガラスコーティングってなんぞと店員さんに聞いてみたらわかりやすく説明してくれた。せっかく説明してくれたので、そのままコーティングしてもらっちゃった。,1,,税理士 紹介,http://www.zeirisi-viscas.com/nagare.html,1,1
,221,医療レーザー脱毛 に興味があります！,,local,あと少しで夏が終わります。夏といえば日焼けですね。日焼けをして、そのままにしておくとシミなどができてしまう可能性があるので、きちんとしたケアが必要になります。そこで夏にした日焼けを少しでも良くするケアを調べたいと思います。～やるべきこと～①栄養素は、ビタミンC(シミ・そばかすに効果があり、紫外線により増加するメラニンの働きを抑える)・タンパク質(肌を作り替えてくれる)・ビタミンE(ビタミンCと一緒に摂取すると日焼け肌の回復効果が上がる)・&beta;カロテン(紫外線による活性酸素を抑える効果がある)の4種類を取り入れることです。②日焼けした部分に氷枕などで冷やし、水分を補給します。冷やし赤みが引いてきたら化粧水で保湿し、お肌の水分補給をしてあげます。(化粧水をやるときは、優しくなじませるようにやるのが良いでしょう)化粧水を付けるのがめんどくさいと思う方は、フェイスパックで保湿するのが良いでしょう。腋毛とは、なぜ伸びてくるのだろうか。腋毛に限らず、あらゆる体毛は10代の後半に差し掛かる頃、急に生えはじめる。人によっては毎日処理をしているだろうが、たいていの人は、そこまで気が回らなくなるかもしれない。というのも、服を着てしまえば、だいたいの体毛は見えなくなってしまうからである。それでも、髭は露出してしまう場所なので、毎日剃る必要があるだろうが。しかし人は、一日中服を着ているわけではない。入浴の際には、服を脱ぐのが普通であり、また夏などの気温が高い季節は、身にまとう服の数は減り、相対的に肌の露出が増えるだろう。そしてその時、自分の脇の下の現状を、改めて実感するのだ。腋毛が生えるというのは、いたって普通の事である。それをそのままにするのも、剃るのも個人の判断にゆだねられる。ただし、自分の視点ではなく、他人の視点から腋毛を見ると、いい感情はわかない事だろう。人に見られると、とたんに恥ずかしく感じてしまうかもしれない。そして、人は腋毛の処理を考え始めるのだろう。家族みんなで通っています。,1,,税理士 紹介,http://www.zeirisi-viscas.com/nagare.html,1,1
,222,冬は冬眠してしまうヘラクレス…,,shopping,あと少しで冬がやってきます。もう来てるかな？ 冬といえば「スキー」「スノボー」が人気になるスポーツですね。アイススケートもありますが、専用の場所がありますので、一年中できるスポーツでもあります。スキー・スノボーは人気の場所だと人がたくさんいすぎて快適にすべることが困難になる場合があります。かといって人気でない場所に行くと部屋とか雪の状態が気になります。要するに場所選びが大変ということです！ 個人的に大事だと思うのは、借りるようの板・ウェアー/部屋/ご飯の３つです！ ウェアーが、そんなに大事かというとかなり大事です。柄が無理なものだと着るのも「あ～」という気持ちになってしまう場合があるからです。食事は…魚がなければ尚OKです(生はよし)。このようにそれぞれ大事に思うてんがあるので、慎重になりすぎて、季節を逃さないように注意しましょう。,1,,税理士 紹介,http://www.zeirisi-viscas.com/nagare.html,1,1
,223,便利なカード現金化,,cosmetic,あなたのご家庭でもカード現金化はよくつかうと思いますが、現金化比較ってしたことがありますか？換金率が低いところだと損しかしませんよ。私も一度現金化率を比較してみたら他にもっと率の高いお店を見つけて、今はそこの常連です。額によっては率が数％高いだけでもかなり違ってきますからね。賢く計画的に現金化ライフを送りましょう。そのお金を人妻のために利用するなんていうのもアリだと思いますよ。というのは、昔から隣の芝生は青いって言いますよね。人が持っているものは、無条件によく見えたりします。だから結婚指輪をしている男性がモテたりね。先日わたしを口説いてきた人も人妻でした。,1,,税理士 紹介,http://www.zeirisi-viscas.com/nagare.html,1,1
,224,会社で最低限必要な物！について,,local,あなたの会社で使われているリサイクルトナーは安全ですか？私の会社でもこういった再生トナーを使っているのですが、先日トナーが爆発しました。けが人はいなかったのですが、プリンターが完全にオシャカ。サービスマンを呼ぶと、純正トナーでないと爆発することがたまにあるのだとか。にわかには信じがたい話でしたが、リサイクルトナーは地球にやさしくお財布にもやさしいので今後も使い続けていくつもりです。,1,,税理士 紹介,http://www.zeirisi-viscas.com/nagare.html,1,1
,225,食事にかかせないもの,,support,アナログ回線の代わりに光ファイバーやをISDN、いわゆるデジタル回線が普及してきた昨今、個人事業主や中小企業なんかを狙った悪質な電話リース販売を行う業者が問題になっているようです。基本的な手口としては大手の電話会社の職員や回線工事の業者を騙って訪問や電話をし「現在デジタル回線・光回線の工事をしていて御社の回線も確認させて欲しい。アナログの回線の場合、この地域は全てデジタル信号の回線に変わり、アナログ回線は使えなくなる」「通信機器の保守点検で伺いました。かなり古い型のアナログ回線ですね、これではデジタル回線に対応できませんよ」などと、企業側をわざと焦らせるような事を行った後に、「今なら集中工事をしているので工事費無料で回線工事を承っています」「こちらの回線にすれば今よりもこれだけ安くなりますのでこの際に買い換えてみてはいかがですか？」と甘い言葉で購入を誘ってきます。この誘いにのってしまうと酷い時には約7年間、分割払いにして84回払いもの長期間に渡って料金を払うことになる高額な契約を結ばされた上、解約をしようとすると「事業主はクーリング・オフ」できないと突っぱねられてどうにもいかなくなってしまう。なんて事になる場合もあるそうです。とにかく大事な事は安易な誘いには乗らない事、特に全ての回線がデジタル回線に変わるのでアナログから早めに変えた方がいいと言ってくる業者や安さを前面に押し出して、あれこれとメリットしか口に出さない業者というのは信用しない方が良さそうですね,1,,税理士 紹介,http://www.zeirisi-viscas.com/nagare.html,1,1
,226,専門学校についての考え,,recuit,アニメやゲームに関する教育機関というものが近年、もてはやされているようですが、それらがすべて専門学校であるという訳ではありません。 専門学校とは、専門課程を行う専修学校のことだそうです。決定的にただのアニメ・ゲームプログラマースクールなどと異なることは、学校法人であることでしょう。 逆に言えば、専門学校ではないものは営利を目的としている企業などということです。扱いとしては塾やカルチャースクールと同じとなります。 本気で専門家になりたい、専門知識や技術を得たい、公式に認められたいと思ったら、きちんと「専門学校」と名乗っている学校に進学するのが良いでしょうね。 学校教育法により、専門学校は修行年限が1年上で、授業時間数は文部科学大臣の定める年間授業時数以上であること、そして教育を受けるものが常時40人以上であることと定められています。 利益ではなく、学生のことを1番に考えている学校（教育施設）は、上記の条件をクリアして専門学校と認められることを望むでしょう。法人になれば税金が一部免除されるなど、有利なことが多いからです。 有利であるからこそ、学校法人は真に学ぶ側のことを考えた姿勢をとっていてもらいたいですね。正社員になりたい、兼業主婦として家計費の足しになるくらいに働きたいあなたにはヒューマンキャピタルマネージメントの人材派遣に登録しましょう。優良企業からご自身の環境にマッチした働き先を見つけることができるので、転職や人材派遣のことならヒューマンキャピタルマネージメントにご相談を。こちらはAO入試も選べるシステムエンジニアの専門学校です！新宿にあって通いやすく、もちろん授業は専門的で演習も充実。実践的な授業内容で、社会に出てからもしっかり役に立つ技術と知識があなたのものに！一人前として、マッサージ 就職をお考えなら、まずはこのサイトをご覧になってください。女性も働きやすい環境を用意し、従業員満足度も大変高いです。フリーターとして働くのに限界を感じて歯科学校に通いたい人って多いそうですね。実際フリーターから歯科技工士として活躍されている方も多く、できるだけ早い決断をするのが得策かと。現在大学に通っている方や、社会人の方でも、歯科技工士の資格取得に興味をお持ちなら、夜間の個別説明会もあるので、ぜひ参加してみてください。生まれる前からドリルが好きだったそこのあなた。歯科衛生士 学校にて、存分にドリルを愛でてあげてください。あの音があなたを待ち望んでいるはずです。,1,,税理士 紹介,http://www.zeirisi-viscas.com/nagare.html,1,1
,227,美しい世界観を創るために…,,office,アニメ漫画の専門学校。今や、アニメや漫画、ゲームといったサブカルチャーは、日本の誇れる文化だ。日本のアニメーションは世界中で高い評価を得ていて、漫画は外国語版が多数発行され、日本産のゲームが全世界で発売されるなど、世界中が求めているとさえ思われる。それに携わる者、アニメならアニメーターや声優、漫画なら漫画家にアシスタント、ゲームならプログラマーやグラフィックデザイナーはどこから誕生するのだろうか。こういった専門分野のことは、やはり専門学校だろう。今では、こういったサブカルチャーにかかわった専門学校は、数多く存在する。学校そのものがこれらを扱っている場合や、ボイストレーニングなどの一部の項目だけを扱っているところもある。どこに通うのがいいのかは、正直見当がつかない。というのも、これらの世界はほとんど実力勝負の世界だからである。相当の実力があるから、素晴らしい作品が、素晴らしい演技ができるのであって、それが国内国外から高く評価されているということである。大きな学校で学んだからいい作品ができたということもあれば、大きな学校で学んでも実力を発揮できなかったということもあり得るのだ。ただ好きなだけでは、知識があるだけでは生きていける世界ではないが、逆に興味がないのではそもそも話にすらならないということもある。それくらいに繊細で、かつ単純な世界なのだ。それでもなお、夢を見て入学するものが後を絶たないのだ。骨格診断を受けなかったので、自分が今まで微妙に似合ってないオシャレしかしてなかったことに気が付きました・・・。こんなことなら、もっと早く受けていればよかった！もう、お外に行けません・・・。人のオシャレが気になります・・・。自分の印象ももっと良くしたいし骨格診断を見るのが最近の趣味ですかね,1,,税理士 紹介,http://www.zeirisi-viscas.com/nagare.html,1,1
,228,ローコスト住宅の住民達,,local,あのアスファルトが焼けるにおいってたまりませんなぁ…。埼玉で舗装工事をやっていて、ロードローラーが走ったあとの平らな道の感触を楽しんでいました。道路工事で謎なのは工事する前に道路に記しつけたりしますが、あれはどういう意味があるのかね。気が付いたらきれいに舗装されているし、あの手順とか記号の意味を知りたいわ。不動産屋ではないが、古淵の不動産に魅力を感じませんか？彼女が古淵周辺に住んでいて、あのあたりには多少馴染みがある。田舎からやって来た僕としては、まず古淵には上下水道が通っていることがありがたいね。特に小さい頃、近所の沼まで水汲みに行かされていた僕は、蛇口をひねると水が出ることに感動している。,1,,税理士 紹介,http://www.zeirisi-viscas.com/nagare.html,1,1
,229,ゴルゴル,,best,あの会社に勝ちたい…。いったいうちの会社とどこが違うのか？冷静に分析してみるとノベルティグッズを作っているか否かの違いなんですね。作っているノベルティグッズはボールペンやメモ帳といったメジャーなもの。広報部長もノベルティグッズ作成には賛成していて、どうせ依頼するならあっと驚くようなグッズが良いとニヤニヤしてましたわ。部長はもともと優秀な人だったんですが、コーチングを依頼してからはもっと能力がアップしたように見えます。僕の考えていることは全てお見通しだし、コミュニケーション能力の高さで難しい契約もバンバンとってきます。いったいどんなコーチングを受けたのか気になりますが、今度社員研修でその部長が受けたコーチングを受けることになるようです。,1,,税理士 紹介,http://www.zeirisi-viscas.com/nagare.html,1,1
,230,大変なことに気がいついた,,best,あの有名なハチ公がある渋谷のホテルで作戦を練っていた。そう、あのハチ公像を夜中に持ち去ってしまおうという計画です。しかし現場についてすぐ諦めました。重すぎて持てない、というか固定されているから外れないんですね。そもそもあのハチ公があるところまでたどり着くのがたいへんでしたよ。意外と小さいし、西郷隆盛像くらいあると想像してたのですが、意外と東京人ってケチなんですね。おじいちゃんに都会ってどんなところかと聞いてみたら、東京の上野へ行商に行ったときの話をしてくれた。思いのほか、品物が高く売れたので、上野のホテルを取ってしばらく遊んでいたんだとか。東京の競馬場で万馬券を当てて、今でいえば4000万ほど荒稼ぎ。それを元手に資産を増やして今に至っているということです。僕も東京へ行くのだったら上野には必ず行っておきたいな。日本一高い電波塔というのでスカイツリー観光に行ってきました。東京にきて驚いたのはそのビルの多さ。どれがスカイツリーなのか分からないほどで、さすがは日本の首都と言ったところですな。ホテルに荷物を預け、電車で外を眺めているとそれっぽい電波塔を発見。なんだか赤くてきれいな建物でしたが、これがスカイツリーなんですね。こんなに高い建物が建てられるなんて、日本の技術も捨てたもんじゃあないな！彼女がウェディングドレスを選ぶとき、普通の無難なドレスでは嫌だと言いました。そういわれると普通じゃないウェディングドレスを探すしかないですよね。僕が探してみた感じだと、アフリカ・ウポポ族の結婚式で使われる装束なんかがいいのではないかと。これだったら日本では珍しい部類に入るし、彼女も変わったドレスを見て喜んでくれるはずです。結婚・ブライダル関係ならこちらのページで情報収集ができますよ。,1,,税理士 紹介,http://www.zeirisi-viscas.com/nagare.html,1,1
,231,ペンションと担保,,data,アパートやマンションで家賃を滞納すると、どうなるか考えたことありませんか？？ 待ってくれる方がいたり、問答無用で家を出されたりした経験がある方はいると思います。借金で、返金を中々しないと、家まで来てドアや窓をたたき回収しにくるのでしょうか。家賃滞納ですが、大家によっては、その日のうちに払わないと鍵を変えて入れなくしたりして、困った人がいたりして(^_^;)そうそう、家賃を踏み倒す人もいると、友達が行っていました。何ヶ月も滞納して、あげくのはてに、家賃を支払わず引っ越しという展開もあり、見ててすごかったと感想を言っていました。実際、凄いじゃあ済まされないことなのかと思うのですが、まぁいいでしょう。家賃滞納するのも良いですが、ほどほどに…。,1,,税理士 紹介,http://www.zeirisi-viscas.com/nagare.html,1,1
,232,中古物件の一軒家のさまざまな修繕,,ranking,アパート住まいから中古の一軒家に住み替えをしました。入居当時は築１０年の物件でした。下見した時はまだ前入居者が住んでいるときでした。その後内装リフォームをしまして入居しました。クロス等で全面きれいになりましたが中古物件のためあちこち隙間があるようで、ワラジムシが春には出はじめました。隙間を見つけてはコ―キングで補修をしました。また冬で屋根に積雪があるころ暖気で雪が一気に緩み、溶けた雪が隙間を伝って部屋に漏れたことがありました。ズガモリと言って雪国にある雪害です。外窓と内窓の間の木枠からぽたぽた水が落ちてきました。小屋根にたまっていた氷になった雪を取り除くと次第に止まりました。業者に修理を頼み直しました。中古物件は築年数が経過しているのでメンテナンスは必要で、業者に頼んだり、簡単なことは自分たちで修理したりしないとダメなようです。主人は古い家ながら家のことを良く見てくれるので助かります。屋根の塗装もペンキを買って家族で行いました。業者に頼むよりかなり支出を押さえることができました。以前は賃貸アパートに住んでしました。家賃に含まれているとはいえ修理は大家がすべて持ってくれました。トイレの電球まで言えば替えてくれていました。持ち家はすべて自分持ちです。家の中ならともかく外装や屋根など外回りは大事で工事費も高額です。数年たつと塗装などメンテナンスをしないと急激に痛みがきます。修繕費はきちんと貯めておくことが大事だと実感しました。,1,,税理士 紹介,http://www.zeirisi-viscas.com/nagare.html,1,1
,233,二次会幹事なんてやってられません,,ranking,アポなしで近所のエステサロンに突撃したら断られちゃいました。おっさんはメンズエステに行かないとダメらしいですね。ひとつ勉強になりました。しかしメンズの集まるエステだけにお客さんはイケメン揃い！私もオッサンだけどイケメンには目が無くて、これ目当てにエステに通っているほどですよ。今度は後輩連れてサウナ帰りにでも行くか！中途半端にハゲるのも格好悪いし、これならいっそのこと大阪の脱毛で全部処理してもらおうかしら？スキンヘッドが似合うと娘からも言われましたし、脱毛するのなら早い方が良いよね。頭だけじゃなくスネやわき毛も綺麗に脱毛してもらったらまた娘と一緒に風呂に入れるかもしれないし。考えると夢が広がりんぐですな。,1,,税理士 紹介,http://www.zeirisi-viscas.com/nagare.html,1,1